Metric,Train,Test
MAE,1.9630651473999023,1.9811698198318481
RMSE,2.5589670156519846,2.6395654301888034
R2,0.9939194321632385,0.9929607510566711
